t,Actor_1,Actor_2,Actor_3
100,575.1769095349953,-1.7031252831839498,12.395997268408099
200,364.9874982199206,-2.2586440153775262,19.66092650193614
300,435.44830240686963,-2.26140783309595,14.978491588769359
400,275.89107576830145,-1.9858333105262136,21.96819272156292
500,356.5086182228856,-2.3603865735028853,19.968627187393352
